{"(14, 5, False)": -0.3123928453750801, "(16, 5, False)": -0.0889434658581993, "(13, 10, False)": -0.5296697512170724, "(15, 10, False)": -0.3890690521090693, "(18, 10, False)": -0.20180531190429124, "(12, 10, False)": -0.357150783829905, "(14, 7, False)": -0.3699232858537515, "(21, 9, True)": 0.9993919143020541, "(12, 6, False)": -0.08188202930466784, "(20, 10, True)": 0.4870213625941099, "(20, 5, False)": 0.6907331476762703, "(16, 7, False)": -0.5647760836583535, "(12, 9, False)": -0.3779570511033735, "(5, 8, False)": -0.3518201111761115, "(20, 9, False)": 0.6775798469906104, "(10, 8, False)": 0.16047763513867727, "(17, 7, True)": -0.056796390332336064, "(13, 10, True)": -0.2727900553814587, "(11, 9, False)": 0.16756405771318703, "(17, 10, True)": -0.2890489879757062, "(21, 4, True)": 0.9739234165332695, "(6, 10, False)": -0.5310904747279034, "(20, 2, False)": 0.7073993016336, "(18, 3, False)": 0.16912638426727655, "(19, 7, False)": 0.6597834776379703, "(13, 5, False)": -0.14836608561834244, "(20, 10, False)": 0.4778256495391268, "(16, 6, False)": -0.1985233759823073, "(10, 9, False)": 0.11273839636264588, "(17, 2, False)": -0.15176709682636963, "(13, 1, False)": -0.533535531238435, "(17, 1, False)": -0.7009337049478798, "(11, 6, False)": 0.19531853228229262, "(7, 5, False)": 0.013145090310599981, "(14, 10, False)": -0.4572851981240425, "(19, 10, False)": -0.1262964109136102, "(14, 4, False)": -0.11196749028538433, "(14, 2, True)": -0.06922725792212087, "(18, 7, True)": 0.3569292703612308, "(14, 1, False)": -0.6262690054449407, "(12, 2, False)": -0.529714175146518, "(20, 8, False)": 0.7455718725525325, "(12, 3, False)": -0.3627002349724055, "(12, 7, False)": -0.2602717217390246, "(5, 2, False)": 0.0020847099224994455, "(19, 6, True)": 0.487402032608527, "(17, 10, False)": -0.43500984240262336, "(17, 7, False)": -0.28835121416934567, "(19, 8, False)": 0.7463585900535751, "(16, 9, False)": -0.6253920116708445, "(15, 3, False)": -0.3972662686304447, "(16, 4, True)": -0.03844676790905093, "(5, 7, False)": -0.01709590450697239, "(11, 7, False)": 0.4957855237292626, "(21, 10, True)": 0.9315856057454057, "(16, 3, False)": -0.12475305851832369, "(15, 7, False)": -0.40795446119774, "(16, 10, False)": -0.6894510888577854, "(19, 3, True)": 0.549322995534653, "(16, 8, False)": -0.5458965621161073, "(15, 9, False)": -0.3836265669174183, "(18, 6, False)": 0.24762348290796915, "(14, 8, False)": -0.35843962787752426, "(21, 1, True)": 0.7505066073300023, "(17, 6, False)": -0.21324707419799163, "(12, 8, True)": 0.11210117647783333, "(20, 3, False)": 0.5565620275926618, "(10, 2, False)": 0.33878391034445426, "(21, 2, False)": 0.8446159628872849, "(7, 2, False)": -0.008190193139425223, "(7, 10, False)": -0.290554816080646, "(14, 6, False)": -0.20421983752152886, "(9, 10, False)": -0.236460275577738, "(17, 8, False)": -0.4400814270425682, "(15, 1, False)": -0.608898226739331, "(15, 8, False)": -0.33328501668982996, "(12, 5, False)": -0.23870659319652465, "(20, 1, False)": 0.10237713246917234, "(21, 7, True)": 0.9966346574254216, "(15, 9, True)": -0.0885801164202705, "(9, 3, False)": -0.10984909635337847, "(16, 1, False)": -0.5212149915609504, "(14, 9, False)": -0.5556976386737386, "(18, 7, False)": 0.1915474203842174, "(13, 6, False)": -0.30273313797792195, "(12, 8, False)": -0.4235573084424188, "(15, 5, False)": -0.3041097984123112, "(15, 2, False)": -0.20178754515072167, "(21, 6, False)": 0.9308119215057578, "(14, 10, True)": -0.5289551628236776, "(18, 2, False)": 0.09553954403397674, "(9, 9, False)": -0.17194079935834308, "(18, 9, False)": -0.2198201908999659, "(20, 6, False)": 0.6707606029823876, "(10, 10, False)": -0.04806258785097325, "(8, 5, False)": 0.1321847385346212, "(12, 4, False)": -0.2789918042068608, "(7, 3, False)": 0.06887753012287115, "(6, 9, False)": -0.24140486192450103, "(18, 5, False)": 0.0822586467889738, "(14, 3, False)": -0.4077176011101489, "(18, 4, False)": 0.2072239468201892, "(7, 6, False)": -0.14265164327764954, "(20, 7, False)": 0.7921115920380586, "(21, 6, True)": 0.9572155040153747, "(17, 4, False)": -0.12662376806704195, "(19, 5, False)": 0.3983210971969886, "(15, 10, True)": -0.3070616267081254, "(18, 10, True)": -0.09123373986314795, "(10, 7, False)": -0.12297755007795852, "(8, 9, False)": -0.161080469269196, "(13, 2, False)": -0.04348083641385102, "(21, 10, False)": 0.8058526824174148, "(21, 7, False)": 0.9138656089457794, "(8, 10, False)": -0.3024321167612413, "(19, 3, False)": 0.4403238470525227, "(11, 4, False)": 0.3031052192306129, "(17, 3, False)": -0.23748013391298606, "(17, 9, False)": -0.24047392936230036, "(4, 4, False)": -0.03681034391147262, "(19, 10, True)": 0.2651341356932768, "(20, 4, False)": 0.6848758361630549, "(8, 1, False)": -0.43412286394973915, "(5, 5, False)": 0.0036923389242898112, "(11, 3, False)": -0.014775496873843736, "(20, 8, True)": 0.7406087335653396, "(9, 5, False)": -0.022421592883039854, "(11, 5, False)": 0.4206853644675114, "(10, 6, False)": 0.27695703914012554, "(8, 4, False)": 0.0564358253970556, "(10, 1, False)": -0.15058827358834523, "(15, 2, True)": -0.15519190030814886, "(8, 7, False)": 0.03551510564323447, "(10, 5, False)": 0.22549397952792147, "(18, 1, False)": -0.38577471470539537, "(19, 1, False)": -0.09025446338225761, "(15, 4, False)": -0.1795347781015204, "(11, 10, False)": -0.03452885424136898, "(18, 4, True)": 0.19577575045308357, "(13, 2, True)": -0.13370110195238527, "(5, 9, False)": -0.22304434994430963, "(13, 3, True)": 0.006751584927432986, "(13, 7, False)": -0.36001884910439474, "(20, 5, True)": 0.731789715908267, "(14, 8, True)": -0.12457757553401239, "(21, 5, True)": 0.992269726381219, "(13, 1, True)": -0.3115599134462771, "(12, 10, True)": -0.011776225642361308, "(13, 9, False)": -0.5187445786647858, "(14, 9, True)": -0.06456990641981057, "(13, 8, False)": -0.4804571818052643, "(12, 1, False)": -0.6204697658731809, "(7, 4, False)": -0.19472096119575322, "(20, 4, True)": 0.7111489516826052, "(7, 9, False)": -0.3304786725254052, "(17, 8, True)": -0.21204807410712287, "(13, 4, False)": -0.05226114637055099, "(20, 9, True)": 0.7286088470008397, "(13, 4, True)": 0.12252309127702472, "(7, 1, False)": -0.6110257393061661, "(16, 2, False)": -0.3993419795914731, "(11, 8, False)": 0.1516273270521145, "(18, 1, True)": -0.3505139340520386, "(19, 6, False)": 0.6097894493973578, "(15, 4, True)": -0.0615843979408762, "(14, 5, True)": 0.068777595512624, "(12, 1, True)": -0.4447681660267251, "(10, 3, False)": 0.22798890706135716, "(19, 2, False)": 0.35488632909760987, "(14, 2, False)": -0.18831994602752836, "(9, 4, False)": 0.04069647899260073, "(19, 4, False)": 0.49637856638929684, "(18, 8, True)": 0.18194729600805157, "(4, 9, False)": -0.2857075499986072, "(16, 8, True)": -0.08080861847434999, "(8, 6, False)": 0.01899986452003605, "(16, 4, False)": -0.5909536669765617, "(16, 5, True)": 0.13768317455037515, "(5, 10, False)": -0.38032686358677537, "(15, 6, True)": -0.09862342132597174, "(21, 5, False)": 0.9141682058914565, "(16, 3, True)": 0.11272110244929723, "(9, 6, False)": 0.011169359773340222, "(19, 9, False)": 0.30614706986365275, "(17, 4, True)": -0.11978029117854569, "(4, 10, False)": -0.3040910109622029, "(11, 1, False)": -0.06288967796370866, "(20, 6, True)": 0.6694023045737322, "(9, 2, False)": -0.13962333070404542, "(21, 8, False)": 0.9060158203075035, "(15, 1, True)": -0.39546884581488917, "(8, 2, False)": -0.28142522781724927, "(13, 6, True)": 0.10751665693046585, "(18, 8, False)": 0.06334559927977883, "(15, 6, False)": -0.28497024723348696, "(9, 1, False)": -0.36693617777586346, "(16, 10, True)": -0.2508099176127422, "(13, 9, True)": 0.09267427324036767, "(16, 2, True)": -0.07704109303266153, "(4, 1, False)": -0.455533326262375, "(6, 2, False)": -0.25838174239347933, "(14, 6, True)": 0.1929693940184492, "(11, 2, False)": 0.17918550643172906, "(15, 3, True)": 0.030329998577793102, "(18, 6, True)": 0.16882451206270255, "(14, 3, True)": 0.11464824615969399,